test,label,anomaly_group,segment,skipped,n_anomalous,n_normal,mean_anomalous,mean_normal,t_stat,p_value,ci_low,ci_high,mannwhitney_p,var_anomalous,var_normal,levene_stat,levene_p,mean_vol_anomalous,mean_vol_normal,vol_ratio
mean_return,1-day forward return,market_event,primary,False,2419,93793,0.0010847392403841544,0.0005844955592029296,0.9053822425911202,0.36535127002745416,6.880424976578141e-06,0.0021625980557917306,0.0005642544529394988,,,,,,,
mean_return,3-day forward return,market_event,primary,False,2419,93637,0.002014942489460804,0.0018027699824817505,0.27657202739466263,0.7821316121887473,0.0005230365115789226,0.0035068484673426853,0.5951988737279438,,,,,,,
mean_return,5-day forward return,market_event,primary,False,2419,93481,0.0037647646259523705,0.0029939757947425815,0.7993517509447664,0.42416227233344717,0.0018904892275567956,0.005639040024347945,0.525985552614434,,,,,,,
mean_return,10-day forward return,market_event,primary,False,2419,93091,0.008962444804650862,0.0059671029569597425,2.3964716183754313,0.016626216487780395,0.006536878805340478,0.011388010803961245,0.03301083909666314,,,,,,,
levene_returns,1-day forward return,market_event,primary,False,2419,93793,,,,,,,,0.0007308505068751753,0.0002955850781819626,359.0156391060246,6.4540019979997804e-80,,,
levene_returns,3-day forward return,market_event,primary,False,2419,93637,,,,,,,,0.001400192363490992,0.0009073034271597864,158.64617550667967,2.3890507203928324e-36,,,
levene_returns,5-day forward return,market_event,primary,False,2419,93481,,,,,,,,0.002209894830031807,0.0015194799780322316,90.52198588738996,1.8696788044364605e-21,,,
levene_returns,10-day forward return,market_event,primary,False,2419,93091,,,,,,,,0.003701101444160547,0.003000196039646895,26.261212074193327,2.9879761985369586e-07,,,
volatility,3-day,market_event,primary,False,2419,93637,,,11.00127314041723,1.6161519394004556e-27,,,1.0293637170165817e-29,,,,,0.017297416228283388,0.013810652850674225,1.2524691204180793
volatility,5-day,market_event,primary,False,2419,93481,,,9.992893572071862,4.4413515554816194e-23,,,8.502909256876374e-25,,,,,0.017439614689826608,0.014804373251900893,1.1780042554376524
volatility,10-day,market_event,primary,False,2419,93091,,,7.8867826860463595,4.598129432620082e-15,,,2.525989700292599e-15,,,,,0.01727994332476779,0.015617248938441316,1.1064652547244611
mean_return,1-day forward return,data_quality_issue,exploratory,False,1313,93793,0.003559285711188622,0.0005844955592029296,5.698800106301241,1.4811155050984552e-08,0.002541173211754053,0.004577398210623191,4.926011324665293e-10,,,,,,,
mean_return,3-day forward return,data_quality_issue,exploratory,False,1313,93637,0.00686239372053832,0.0018027699824817505,5.594180268397373,2.6826633817238045e-08,0.0050986187191350285,0.00862616872194161,2.4699527788910176e-08,,,,,,,
mean_return,5-day forward return,data_quality_issue,exploratory,False,1313,93481,0.007910411151889604,0.0029939757947425815,4.301175771448942,1.8216320881763824e-05,0.00568200857591674,0.010138813727862468,4.4040912156906104e-05,,,,,,,
mean_return,10-day forward return,data_quality_issue,exploratory,False,1313,93091,0.011305969094962766,0.0059671029569597425,3.447363701411686,0.000583513582812382,0.008288289314727854,0.014323648875197678,0.0014260480670121316,,,,,,,
volatility,3-day,data_quality_issue,exploratory,False,1313,93637,,,3.4171628673880248,0.0006515731594293685,,,0.00011188889770543132,,,,,0.014783010115833797,0.013810652850674225,1.0704063215311435
volatility,5-day,data_quality_issue,exploratory,False,1313,93481,,,3.2765205767737204,0.001077564675977777,,,5.3873659196373266e-05,,,,,0.015590203151922524,0.014804373251900893,1.0530809299826813
volatility,10-day,data_quality_issue,exploratory,False,1313,93091,,,3.260462502669222,0.0011399442882488817,,,2.107232006796773e-05,,,,,0.016281509113928644,0.015617248938441316,1.0425337508613488
mean_return,1-day forward return,market_event,high_volume_spike,False,1210,93793,0.0005844626050327751,0.0005844955592029296,-3.7650647145625005e-05,0.9999699652902362,-0.0011292022579929696,0.0022981274680585195,0.13093001154161946,,,,,,,
mean_return,1-day forward return,market_event,low_volume_spike,False,1209,93793,0.0015854296694785865,0.0005844955592029296,1.4944988680230047,0.13530278256632225,0.00027605980859032376,0.0028947995303668494,0.000680194752659698,,,,,,,
mean_return,3-day forward return,market_event,high_volume_spike,False,1210,93637,0.0021031968732844004,0.0018027699824817505,0.2556040460105013,0.7982994645569138,-0.00019467462261819977,0.004401068369187001,0.7947604697956078,,,,,,,
mean_return,3-day forward return,market_event,low_volume_spike,False,1209,93637,0.0019266151078011242,0.0018027699824817505,0.12680758080049762,0.8991133722923386,2.0276982463531164e-05,0.003832953233138717,0.30935627344670436,,,,,,,
mean_return,5-day forward return,market_event,high_volume_spike,False,1210,93481,0.004090985862303919,0.0029939757947425815,0.7400534335807207,0.45940913631923086,0.0011935199523224376,0.006988451772285401,0.7437104968063942,,,,,,,
mean_return,5-day forward return,market_event,low_volume_spike,False,1209,93481,0.003438273562275469,0.0029939757947425815,0.36396352485506017,0.7159475569265663,0.0010564033517887544,0.005820143772762184,0.5648618345092908,,,,,,,
mean_return,10-day forward return,market_event,high_volume_spike,False,1210,93091,0.008614925619669778,0.0059671029569597425,1.4202905825450225,0.15577616537474412,0.004974335543255205,0.012255515696084351,0.42998110588138605,,,,,,,
mean_return,10-day forward return,market_event,low_volume_spike,False,1209,93091,0.009310251433126554,0.0059671029569597425,2.0305712198671935,0.042512026944114684,0.006099374789596563,0.012521128076656545,0.024743192479519543,,,,,,,
volatility,3-day,market_event,high_volume_spike,False,1210,93637,,,8.451423865175316,8.097769975069775e-17,,,3.851943073967244e-18,,,,,0.01813731085855337,0.013810652850674225,1.313284104282436
volatility,3-day,market_event,low_volume_spike,False,1209,93637,,,7.169140114014231,1.298954809365779e-12,,,1.0929587699644845e-13,,,,,0.016456826896085974,0.013810652850674225,1.1916038346646707
volatility,5-day,market_event,high_volume_spike,False,1210,93481,,,7.7842206591122,1.4880624856003208e-14,,,8.99841293687948e-15,,,,,0.01819749267242221,0.014804373251900893,1.2291971002612785
volatility,5-day,market_event,low_volume_spike,False,1209,93481,,,6.420493206125224,1.9335135519812405e-10,,,5.9628435846776994e-12,,,,,0.01668110984372182,0.014804373251900893,1.1267690674834852
volatility,10-day,market_event,high_volume_spike,False,1210,93091,,,6.335890923154779,3.309940119052722e-10,,,3.4503459256105914e-09,,,,,0.01778363573286517,0.015617248938441316,1.1387175681813824
volatility,10-day,market_event,low_volume_spike,False,1209,93091,,,4.764195427605699,2.120624945614102e-06,,,8.672174617286793e-08,,,,,0.016775834297639725,0.015617248938441316,1.0741862644160451
